datetime,date,price_eur_mwh,y_pred,abs_error,error
2025-12-24 00:00:00,2025-12-24,79.6,55.84947,23.750531768798822,23.750531768798822
2025-12-24 00:15:00,2025-12-24,73.7,73.721634,0.021633911132809658,-0.021633911132809658
2025-12-24 00:30:00,2025-12-24,68.0,69.0908,1.0907974243164062,-1.0907974243164062
2025-12-24 00:45:00,2025-12-24,60.5,64.36513,3.8651275634765625,-3.8651275634765625
2025-12-24 01:00:00,2025-12-24,57.0,56.70115,0.29885101318359375,0.29885101318359375
2025-12-24 01:15:00,2025-12-24,54.01,58.045364,4.0353643798828145,-4.0353643798828145
2025-12-24 01:30:00,2025-12-24,45.2,51.985863,6.785862731933591,-6.785862731933591
2025-12-24 01:45:00,2025-12-24,38.3,43.504417,5.204417419433597,-5.204417419433597
2025-12-24 02:00:00,2025-12-24,40.35,37.019978,3.3300224304199233,3.3300224304199233
2025-12-24 02:15:00,2025-12-24,32.55,34.709908,2.159907531738284,-2.159907531738284
2025-12-24 02:30:00,2025-12-24,26.6,28.26451,1.6645092010498033,-1.6645092010498033
2025-12-24 02:45:00,2025-12-24,26.6,23.86925,2.730750656127931,2.730750656127931
2025-12-24 03:00:00,2025-12-24,35.0,26.778069,8.221931457519531,8.221931457519531
2025-12-24 03:15:00,2025-12-24,33.0,32.03984,0.9601593017578125,0.9601593017578125
2025-12-24 03:30:00,2025-12-24,29.09,28.65444,0.4355600738525389,0.4355600738525389
2025-12-24 03:45:00,2025-12-24,26.6,27.629824,1.0298236846923814,-1.0298236846923814
2025-12-24 04:00:00,2025-12-24,26.43,27.970423,1.5404227447509768,-1.5404227447509768
2025-12-24 04:15:00,2025-12-24,26.22,27.826265,1.606265335083009,-1.606265335083009
2025-12-24 04:30:00,2025-12-24,26.22,27.33611,1.1161091613769543,-1.1161091613769543
2025-12-24 04:45:00,2025-12-24,25.97,28.781084,2.8110840606689464,-2.8110840606689464
2025-12-24 05:00:00,2025-12-24,25.2,29.054348,3.85434799194336,-3.85434799194336
2025-12-24 05:15:00,2025-12-24,25.2,29.842981,4.642981338500977,-4.642981338500977
2025-12-24 05:30:00,2025-12-24,25.33,30.720482,5.3904818725585955,-5.3904818725585955
2025-12-24 05:45:00,2025-12-24,25.97,30.04386,4.073859481811525,-4.073859481811525
2025-12-24 06:00:00,2025-12-24,23.01,32.617607,9.607607116699217,-9.607607116699217
2025-12-24 06:15:00,2025-12-24,23.01,29.502638,6.492637863159178,-6.492637863159178
2025-12-24 06:30:00,2025-12-24,25.16,29.769854,4.609853591918945,-4.609853591918945
2025-12-24 06:45:00,2025-12-24,23.01,30.558025,7.54802536010742,-7.54802536010742
2025-12-24 07:00:00,2025-12-24,24.5,27.525005,3.025005340576172,-3.025005340576172
2025-12-24 07:15:00,2025-12-24,34.46,29.355497,5.104502639770509,5.104502639770509
2025-12-24 07:30:00,2025-12-24,40.27,35.88087,4.389129180908206,4.389129180908206
2025-12-24 07:45:00,2025-12-24,43.86,42.314068,1.5459321594238276,1.5459321594238276
2025-12-24 08:00:00,2025-12-24,57.7,45.011913,12.688086700439456,12.688086700439456
2025-12-24 08:15:00,2025-12-24,57.9,60.334885,2.434884643554689,-2.434884643554689
2025-12-24 08:30:00,2025-12-24,60.0,56.00407,3.995929718017578,3.995929718017578
2025-12-24 08:45:00,2025-12-24,59.0,55.652256,3.3477439880371094,3.3477439880371094
2025-12-24 09:00:00,2025-12-24,60.59,55.27263,5.317371215820316,5.317371215820316
2025-12-24 09:15:00,2025-12-24,55.0,50.511623,4.488376617431641,4.488376617431641
2025-12-24 09:30:00,2025-12-24,52.12,46.281895,5.838105316162107,5.838105316162107
2025-12-24 09:45:00,2025-12-24,35.01,46.05544,11.04543899536133,-11.04543899536133
2025-12-24 10:00:00,2025-12-24,57.0,25.89974,31.10025978088379,31.10025978088379
2025-12-24 10:15:00,2025-12-24,41.17,49.765213,8.59521301269531,-8.59521301269531
2025-12-24 10:30:00,2025-12-24,34.2,31.936537,2.263463211059573,2.263463211059573
2025-12-24 10:45:00,2025-12-24,26.22,28.140865,1.9208653259277355,-1.9208653259277355
2025-12-24 11:00:00,2025-12-24,30.77,22.932686,7.837314147949218,7.837314147949218
2025-12-24 11:15:00,2025-12-24,26.22,25.664566,0.5554339599609364,0.5554339599609364
2025-12-24 11:30:00,2025-12-24,25.16,23.110249,2.049751434326172,2.049751434326172
2025-12-24 11:45:00,2025-12-24,19.41,21.302021,1.892021026611328,-1.892021026611328
2025-12-24 12:00:00,2025-12-24,18.4,24.76571,6.365710830688478,-6.365710830688478
2025-12-24 12:15:00,2025-12-24,18.01,17.490578,0.5194223022460953,0.5194223022460953
2025-12-24 12:30:00,2025-12-24,17.88,17.371119,0.5088814544677724,0.5088814544677724
2025-12-24 12:45:00,2025-12-24,17.2,16.84725,0.35275001525878835,0.35275001525878835
2025-12-24 13:00:00,2025-12-24,16.79,15.66969,1.1203098678588859,1.1203098678588859
2025-12-24 13:15:00,2025-12-24,16.9,15.539103,1.3608974456787095,1.3608974456787095
2025-12-24 13:30:00,2025-12-24,16.46,15.828133,0.6318673706054696,0.6318673706054696
2025-12-24 13:45:00,2025-12-24,16.46,15.211196,1.2488040542602548,1.2488040542602548
2025-12-24 14:00:00,2025-12-24,16.68,15.615525,1.0644747543334958,1.0644747543334958
2025-12-24 14:15:00,2025-12-24,17.62,17.44115,0.17884933471679787,0.17884933471679787
2025-12-24 14:30:00,2025-12-24,17.62,20.416801,2.7968014526367178,-2.7968014526367178
2025-12-24 14:45:00,2025-12-24,17.88,19.569817,1.6898165893554697,-1.6898165893554697
2025-12-24 15:00:00,2025-12-24,20.3,19.239956,1.0600440979003913,1.0600440979003913
2025-12-24 15:15:00,2025-12-24,23.1,30.150915,7.050915145874022,-7.050915145874022
2025-12-24 15:30:00,2025-12-24,25.0,31.427559,6.427558898925781,-6.427558898925781
2025-12-24 15:45:00,2025-12-24,26.22,33.391914,7.171914367675782,-7.171914367675782
2025-12-24 16:00:00,2025-12-24,26.43,26.572407,0.1424067687988284,-0.1424067687988284
2025-12-24 16:15:00,2025-12-24,33.0,33.30699,0.3069915771484375,-0.3069915771484375
2025-12-24 16:30:00,2025-12-24,37.33,40.661617,3.331617279052736,-3.331617279052736
2025-12-24 16:45:00,2025-12-24,48.32,44.387783,3.932216949462891,3.932216949462891
2025-12-24 17:00:00,2025-12-24,35.1,45.41722,10.317221069335936,-10.317221069335936
2025-12-24 17:15:00,2025-12-24,52.9,44.5273,8.37269821166992,8.37269821166992
2025-12-24 17:30:00,2025-12-24,61.53,56.93341,4.596589355468751,4.596589355468751
2025-12-24 17:45:00,2025-12-24,65.4,64.01117,1.3888305664062557,1.3888305664062557
2025-12-24 18:00:00,2025-12-24,69.94,73.13562,3.1956201171875023,-3.1956201171875023
2025-12-24 18:15:00,2025-12-24,73.7,78.532936,4.832936096191403,-4.832936096191403
2025-12-24 18:30:00,2025-12-24,74.04,78.69653,4.656533203124994,-4.656533203124994
2025-12-24 18:45:00,2025-12-24,73.7,78.74962,5.049618530273435,-5.049618530273435
2025-12-24 19:00:00,2025-12-24,70.0,73.20786,3.2078628540039062,-3.2078628540039062
2025-12-24 19:15:00,2025-12-24,70.0,75.07561,5.0756072998046875,-5.0756072998046875
2025-12-24 19:30:00,2025-12-24,70.0,74.074745,4.074745178222656,-4.074745178222656
2025-12-24 19:45:00,2025-12-24,66.24,75.02086,8.780858764648443,-8.780858764648443
2025-12-24 20:00:00,2025-12-24,68.63,68.355804,0.27419555664062045,0.27419555664062045
2025-12-24 20:15:00,2025-12-24,65.4,70.89577,5.495767211914057,-5.495767211914057
2025-12-24 20:30:00,2025-12-24,60.5,67.49026,6.990257263183594,-6.990257263183594
2025-12-24 20:45:00,2025-12-24,58.4,54.9545,3.4455017089843736,3.4455017089843736
2025-12-24 21:00:00,2025-12-24,63.0,54.129807,8.870193481445312,8.870193481445312
2025-12-24 21:15:00,2025-12-24,59.0,56.887897,2.112102508544922,2.112102508544922
2025-12-24 21:30:00,2025-12-24,54.6,53.898067,0.701932525634767,0.701932525634767
2025-12-24 21:45:00,2025-12-24,45.0,49.70644,4.706439971923828,-4.706439971923828
2025-12-24 22:00:00,2025-12-24,45.01,44.44332,0.5666787719726543,0.5666787719726543
2025-12-24 22:15:00,2025-12-24,45.01,42.15179,2.8582093811035136,2.8582093811035136
2025-12-24 22:30:00,2025-12-24,45.0,45.300083,0.3000831604003906,-0.3000831604003906
2025-12-24 22:45:00,2025-12-24,40.35,44.74557,4.395571136474608,-4.395571136474608
2025-12-24 23:00:00,2025-12-24,40.0,40.00368,0.003681182861328125,-0.003681182861328125
2025-12-24 23:15:00,2025-12-24,38.01,34.91482,3.0951783752441386,3.0951783752441386
2025-12-24 23:30:00,2025-12-24,38.01,32.308167,5.701833496093748,5.701833496093748
2025-12-24 23:45:00,2025-12-24,38.01,30.87017,7.139829406738279,7.139829406738279
2025-12-25 00:00:00,2025-12-25,35.0,41.903667,6.903667449951172,-6.903667449951172
2025-12-25 00:15:00,2025-12-25,37.0,29.06773,7.932270050048828,7.932270050048828
2025-12-25 00:30:00,2025-12-25,30.5,30.722477,0.22247695922851562,-0.22247695922851562
2025-12-25 00:45:00,2025-12-25,30.21,26.33509,3.8749093627929696,3.8749093627929696
2025-12-25 01:00:00,2025-12-25,34.1,28.590225,5.509774780273439,5.509774780273439
2025-12-25 01:15:00,2025-12-25,32.39,30.551836,1.8381639862060553,1.8381639862060553
2025-12-25 01:30:00,2025-12-25,30.55,29.400272,1.149727630615235,1.149727630615235
2025-12-25 01:45:00,2025-12-25,23.59,29.007504,5.4175035095214845,-5.4175035095214845
2025-12-25 02:00:00,2025-12-25,30.84,25.305016,5.534984436035156,5.534984436035156
2025-12-25 02:15:00,2025-12-25,26.49,28.257305,1.7673051452636734,-1.7673051452636734
2025-12-25 02:30:00,2025-12-25,19.45,26.147776,6.697775650024415,-6.697775650024415
2025-12-25 02:45:00,2025-12-25,16.79,20.83372,4.04371925354004,-4.04371925354004
2025-12-25 03:00:00,2025-12-25,16.79,18.517017,1.727017364501954,-1.727017364501954
2025-12-25 03:15:00,2025-12-25,15.57,15.757018,0.1870180892944333,-0.1870180892944333
2025-12-25 03:30:00,2025-12-25,15.01,15.112511,0.10251068115234396,-0.10251068115234396
2025-12-25 03:45:00,2025-12-25,13.92,14.396329,0.47632892608642585,-0.47632892608642585
2025-12-25 04:00:00,2025-12-25,13.06,13.085124,0.02512401580810497,-0.02512401580810497
2025-12-25 04:15:00,2025-12-25,9.69,13.022623,3.3326230621337896,-3.3326230621337896
2025-12-25 04:30:00,2025-12-25,10.0,10.504346,0.5043458938598633,-0.5043458938598633
2025-12-25 04:45:00,2025-12-25,9.74,10.463318,0.7233178710937498,-0.7233178710937498
2025-12-25 05:00:00,2025-12-25,13.66,12.081267,1.5787326431274415,1.5787326431274415
2025-12-25 05:15:00,2025-12-25,16.42,14.817098,1.6029023361206072,1.6029023361206072
2025-12-25 05:30:00,2025-12-25,16.68,17.783216,1.10321647644043,-1.10321647644043
2025-12-25 05:45:00,2025-12-25,17.12,18.31489,1.194889907836913,-1.194889907836913
2025-12-25 06:00:00,2025-12-25,15.39,20.272701,4.882701263427734,-4.882701263427734
2025-12-25 06:15:00,2025-12-25,16.9,19.463316,2.5633159637451186,-2.5633159637451186
2025-12-25 06:30:00,2025-12-25,24.86,21.123577,3.7364228820800776,3.7364228820800776
2025-12-25 06:45:00,2025-12-25,30.2,26.071098,4.1289016723632805,4.1289016723632805
2025-12-25 07:00:00,2025-12-25,35.0,36.965908,1.9659080505371094,-1.9659080505371094
2025-12-25 07:15:00,2025-12-25,40.0,39.86569,0.13431167602539062,0.13431167602539062
2025-12-25 07:30:00,2025-12-25,37.0,43.437164,6.437164306640625,-6.437164306640625
2025-12-25 07:45:00,2025-12-25,40.0,36.747868,3.2521324157714844,3.2521324157714844
2025-12-25 08:00:00,2025-12-25,39.0,39.059734,0.059734344482421875,-0.059734344482421875
2025-12-25 08:15:00,2025-12-25,43.55,34.092323,9.457676696777341,9.457676696777341
2025-12-25 08:30:00,2025-12-25,43.88,36.873795,7.00620544433594,7.00620544433594
2025-12-25 08:45:00,2025-12-25,44.14,36.373962,7.766037597656251,7.766037597656251
2025-12-25 09:00:00,2025-12-25,43.88,40.27572,3.604281311035159,3.604281311035159
2025-12-25 09:15:00,2025-12-25,41.19,37.642456,3.5475439453124977,3.5475439453124977
2025-12-25 09:30:00,2025-12-25,38.3,34.01348,4.286518859863278,4.286518859863278
2025-12-25 09:45:00,2025-12-25,32.5,30.827671,1.6723289489746094,1.6723289489746094
2025-12-25 10:00:00,2025-12-25,35.2,29.475428,5.724572372436526,5.724572372436526
2025-12-25 10:15:00,2025-12-25,30.93,31.192804,0.26280433654785185,-0.26280433654785185
2025-12-25 10:30:00,2025-12-25,31.7,23.156546,8.543454360961913,8.543454360961913
2025-12-25 10:45:00,2025-12-25,25.03,23.637575,1.3924248504638683,1.3924248504638683
2025-12-25 11:00:00,2025-12-25,27.0,25.523762,1.4762382507324219,1.4762382507324219
2025-12-25 11:15:00,2025-12-25,22.63,22.080746,0.5492543029785146,0.5492543029785146
2025-12-25 11:30:00,2025-12-25,22.26,18.166737,4.093263397216798,4.093263397216798
2025-12-25 11:45:00,2025-12-25,25.24,19.86913,5.370870819091795,5.370870819091795
2025-12-25 12:00:00,2025-12-25,26.77,27.638838,0.8688378143310551,-0.8688378143310551
2025-12-25 12:15:00,2025-12-25,29.0,23.24945,5.75054931640625,5.75054931640625
2025-12-25 12:30:00,2025-12-25,34.88,27.48944,7.390559082031253,7.390559082031253
2025-12-25 12:45:00,2025-12-25,35.2,31.37608,3.823920440673831,3.823920440673831
2025-12-25 13:00:00,2025-12-25,30.88,34.17285,3.292851562500001,-3.292851562500001
2025-12-25 13:15:00,2025-12-25,32.05,31.707602,0.3423984527587862,0.3423984527587862
2025-12-25 13:30:00,2025-12-25,30.0,29.952755,0.047245025634765625,0.047245025634765625
2025-12-25 13:45:00,2025-12-25,30.98,28.802902,2.177097778320313,2.177097778320313
2025-12-25 14:00:00,2025-12-25,17.46,29.580935,12.120934524536132,-12.120934524536132
2025-12-25 14:15:00,2025-12-25,20.09,28.114307,8.024307403564453,-8.024307403564453
2025-12-25 14:30:00,2025-12-25,25.35,23.910118,1.4398818969726577,1.4398818969726577
2025-12-25 14:45:00,2025-12-25,30.0,27.594278,2.405721664428711,2.405721664428711
2025-12-25 15:00:00,2025-12-25,30.0,33.15067,3.1506690979003906,-3.1506690979003906
2025-12-25 15:15:00,2025-12-25,34.88,35.390675,0.5106745910644506,-0.5106745910644506
2025-12-25 15:30:00,2025-12-25,32.5,38.33242,5.832420349121094,-5.832420349121094
2025-12-25 15:45:00,2025-12-25,44.6,38.015762,6.584237670898439,6.584237670898439
2025-12-25 16:00:00,2025-12-25,47.0,42.768646,4.231353759765625,4.231353759765625
2025-12-25 16:15:00,2025-12-25,58.4,48.0703,10.329698944091795,10.329698944091795
2025-12-25 16:30:00,2025-12-25,69.44,69.57667,0.13666778564453352,-0.13666778564453352
2025-12-25 16:45:00,2025-12-25,78.0,73.66246,4.3375396728515625,4.3375396728515625
2025-12-25 17:00:00,2025-12-25,76.0,77.7315,1.7314987182617188,-1.7314987182617188
2025-12-25 17:15:00,2025-12-25,90.24,82.201416,8.038583984374995,8.038583984374995
2025-12-25 17:30:00,2025-12-25,93.91,97.8243,3.914302673339847,-3.914302673339847
2025-12-25 17:45:00,2025-12-25,97.9,102.131485,4.231484985351557,-4.231484985351557
2025-12-25 18:00:00,2025-12-25,93.53,94.09921,0.5692126464843739,-0.5692126464843739
2025-12-25 18:15:00,2025-12-25,94.76,98.94249,4.182489624023432,-4.182489624023432
2025-12-25 18:30:00,2025-12-25,95.01,99.17055,4.160547485351557,-4.160547485351557
2025-12-25 18:45:00,2025-12-25,99.77,99.57946,0.19053985595702727,0.19053985595702727
2025-12-25 19:00:00,2025-12-25,91.6,98.79445,7.194448852539068,-7.194448852539068
2025-12-25 19:15:00,2025-12-25,93.47,94.78564,1.3156369018554699,-1.3156369018554699
2025-12-25 19:30:00,2025-12-25,93.0,94.783,1.7829971313476562,-1.7829971313476562
2025-12-25 19:45:00,2025-12-25,95.0,94.76746,0.23253631591796875,0.23253631591796875
2025-12-25 20:00:00,2025-12-25,95.65,96.447365,0.7973648071289006,-0.7973648071289006
2025-12-25 20:15:00,2025-12-25,96.0,95.33061,0.6693878173828125,0.6693878173828125
2025-12-25 20:30:00,2025-12-25,100.13,95.276924,4.853075866699214,4.853075866699214
2025-12-25 20:45:00,2025-12-25,96.34,100.03945,3.6994515991210903,-3.6994515991210903
2025-12-25 21:00:00,2025-12-25,100.11,96.37348,3.736518249511718,3.736518249511718
2025-12-25 21:15:00,2025-12-25,100.11,97.2543,2.8556970214843744,2.8556970214843744
2025-12-25 21:30:00,2025-12-25,100.11,96.27357,3.836432800292968,3.836432800292968
2025-12-25 21:45:00,2025-12-25,96.34,93.47624,2.863757934570316,2.863757934570316
2025-12-25 22:00:00,2025-12-25,94.76,94.326065,0.4339349365234426,0.4339349365234426
2025-12-25 22:15:00,2025-12-25,93.18,90.27632,2.9036785888671943,2.9036785888671943
2025-12-25 22:30:00,2025-12-25,95.0,90.65791,4.3420867919921875,4.3420867919921875
2025-12-25 22:45:00,2025-12-25,93.06,89.67174,3.3882623291015648,3.3882623291015648
2025-12-25 23:00:00,2025-12-25,92.53,94.28151,1.7515093994140614,-1.7515093994140614
2025-12-25 23:15:00,2025-12-25,91.2,86.42696,4.773036193847659,4.773036193847659
2025-12-25 23:30:00,2025-12-25,90.53,84.48641,6.043587951660157,6.043587951660157
2025-12-25 23:45:00,2025-12-25,88.01,84.71652,3.29347778320313,3.29347778320313
2025-12-26 00:00:00,2025-12-26,106.45,94.89559,11.554408264160159,11.554408264160159
2025-12-26 00:15:00,2025-12-26,99.96,107.89694,7.936942138671881,-7.936942138671881
2025-12-26 00:30:00,2025-12-26,91.46,96.990166,5.530165710449225,-5.530165710449225
2025-12-26 00:45:00,2025-12-26,90.53,88.033325,2.496674804687501,2.496674804687501
2025-12-26 01:00:00,2025-12-26,95.66,89.51394,6.146061096191403,6.146061096191403
2025-12-26 01:15:00,2025-12-26,91.35,92.46476,1.114759826660162,-1.114759826660162
2025-12-26 01:30:00,2025-12-26,90.74,88.53343,2.2065679931640574,2.2065679931640574
2025-12-26 01:45:00,2025-12-26,86.46,89.075745,2.6157446289062563,-2.6157446289062563
2025-12-26 02:00:00,2025-12-26,90.74,88.95327,1.7867300415039011,1.7867300415039011
2025-12-26 02:15:00,2025-12-26,85.0,90.26015,5.2601470947265625,-5.2601470947265625
2025-12-26 02:30:00,2025-12-26,83.11,83.463844,0.3538442993164068,-0.3538442993164068
2025-12-26 02:45:00,2025-12-26,81.48,81.87588,0.39587738037108977,-0.39587738037108977
2025-12-26 03:00:00,2025-12-26,85.0,81.274895,3.7251052856445312,3.7251052856445312
2025-12-26 03:15:00,2025-12-26,82.89,83.50979,0.6197885131835932,-0.6197885131835932
2025-12-26 03:30:00,2025-12-26,78.41,82.21073,3.8007315063476597,-3.8007315063476597
2025-12-26 03:45:00,2025-12-26,74.47,75.58975,1.1197521972656261,-1.1197521972656261
2025-12-26 04:00:00,2025-12-26,75.1,78.204704,3.1047042846679744,-3.1047042846679744
2025-12-26 04:15:00,2025-12-26,71.41,74.19964,2.789638366699222,-2.789638366699222
2025-12-26 04:30:00,2025-12-26,72.82,74.42028,1.6002804565429756,-1.6002804565429756
2025-12-26 04:45:00,2025-12-26,69.91,74.717255,4.807254638671878,-4.807254638671878
2025-12-26 05:00:00,2025-12-26,69.91,68.59059,1.319408569335934,1.319408569335934
2025-12-26 05:15:00,2025-12-26,71.5,70.868614,0.6313858032226562,0.6313858032226562
2025-12-26 05:30:00,2025-12-26,75.0,75.041534,0.041534423828125,-0.041534423828125
2025-12-26 05:45:00,2025-12-26,75.75,78.27648,2.5264816284179688,-2.5264816284179688
2025-12-26 06:00:00,2025-12-26,75.37,73.782845,1.5871554565429733,1.5871554565429733
2025-12-26 06:15:00,2025-12-26,81.0,79.484085,1.5159149169921875,1.5159149169921875
2025-12-26 06:30:00,2025-12-26,85.0,84.47661,0.5233917236328125,0.5233917236328125
2025-12-26 06:45:00,2025-12-26,89.5,90.143684,0.6436843872070312,-0.6436843872070312
2025-12-26 07:00:00,2025-12-26,86.82,90.07175,3.251746826171882,-3.251746826171882
2025-12-26 07:15:00,2025-12-26,91.0,92.81743,1.8174285888671875,-1.8174285888671875
2025-12-26 07:30:00,2025-12-26,91.7,96.48367,4.783673095703122,-4.783673095703122
2025-12-26 07:45:00,2025-12-26,93.91,96.04863,2.138629760742191,-2.138629760742191
2025-12-26 08:00:00,2025-12-26,91.22,98.31554,7.095536499023439,-7.095536499023439
2025-12-26 08:15:00,2025-12-26,91.94,90.54998,1.390019836425779,1.390019836425779
2025-12-26 08:30:00,2025-12-26,92.96,90.80607,2.1539315795898375,2.1539315795898375
2025-12-26 08:45:00,2025-12-26,95.64,89.509705,6.130295410156251,6.130295410156251
2025-12-26 09:00:00,2025-12-26,99.73,98.4441,1.2859005737304727,1.2859005737304727
2025-12-26 09:15:00,2025-12-26,95.85,91.74472,4.105279541015619,4.105279541015619
2025-12-26 09:30:00,2025-12-26,91.94,83.46055,8.479451599121091,8.479451599121091
2025-12-26 09:45:00,2025-12-26,85.23,80.16113,5.068867187500004,5.068867187500004
2025-12-26 10:00:00,2025-12-26,96.0,87.507996,8.49200439453125,8.49200439453125
2025-12-26 10:15:00,2025-12-26,91.22,87.37788,3.8421237182617176,3.8421237182617176
2025-12-26 10:30:00,2025-12-26,86.9,85.41153,1.4884704589843807,1.4884704589843807
2025-12-26 10:45:00,2025-12-26,82.88,82.68752,0.1924771118164017,0.1924771118164017
2025-12-26 11:00:00,2025-12-26,89.0,83.688354,5.3116455078125,5.3116455078125
2025-12-26 11:15:00,2025-12-26,85.28,83.86746,1.4125378417968761,1.4125378417968761
2025-12-26 11:30:00,2025-12-26,83.71,84.126434,0.41643432617188125,-0.41643432617188125
2025-12-26 11:45:00,2025-12-26,81.98,80.17663,1.8033718872070352,1.8033718872070352
2025-12-26 12:00:00,2025-12-26,83.11,82.443375,0.6666253662109369,0.6666253662109369
2025-12-26 12:15:00,2025-12-26,82.0,80.96582,1.0341796875,1.0341796875
2025-12-26 12:30:00,2025-12-26,81.83,80.94901,0.880987243652342,0.880987243652342
2025-12-26 12:45:00,2025-12-26,82.31,79.78937,2.5206323242187523,2.5206323242187523
2025-12-26 13:00:00,2025-12-26,80.0,80.622086,0.6220855712890625,-0.6220855712890625
2025-12-26 13:15:00,2025-12-26,80.68,75.8663,4.813697509765632,4.813697509765632
2025-12-26 13:30:00,2025-12-26,80.64,78.32887,2.311127319335938,2.311127319335938
2025-12-26 13:45:00,2025-12-26,80.0,78.42387,1.5761337280273438,1.5761337280273438
2025-12-26 14:00:00,2025-12-26,75.0,74.766,0.23400115966796875,0.23400115966796875
2025-12-26 14:15:00,2025-12-26,76.11,74.46953,1.640471801757812,1.640471801757812
2025-12-26 14:30:00,2025-12-26,79.01,77.89392,1.1160791015625051,1.1160791015625051
2025-12-26 14:45:00,2025-12-26,80.0,79.227196,0.7728042602539062,0.7728042602539062
2025-12-26 15:00:00,2025-12-26,73.88,75.7722,1.892201538085942,-1.892201538085942
2025-12-26 15:15:00,2025-12-26,76.0,75.374504,0.6254959106445312,0.6254959106445312
2025-12-26 15:30:00,2025-12-26,77.78,79.09303,1.3130328369140614,-1.3130328369140614
2025-12-26 15:45:00,2025-12-26,84.79,80.604355,4.185645141601569,4.185645141601569
2025-12-26 16:00:00,2025-12-26,78.95,80.73169,1.7816894531249972,-1.7816894531249972
2025-12-26 16:15:00,2025-12-26,84.87,84.70515,0.1648532104492233,0.1648532104492233
2025-12-26 16:30:00,2025-12-26,85.0,87.75494,2.7549362182617188,-2.7549362182617188
2025-12-26 16:45:00,2025-12-26,91.2,92.68742,1.4874237060546847,-1.4874237060546847
2025-12-26 17:00:00,2025-12-26,85.0,88.462944,3.4629440307617188,-3.4629440307617188
2025-12-26 17:15:00,2025-12-26,91.2,93.86356,2.6635635375976534,-2.6635635375976534
2025-12-26 17:30:00,2025-12-26,95.96,97.14094,1.1809378051757875,-1.1809378051757875
2025-12-26 17:45:00,2025-12-26,101.69,102.349594,0.6595941162109398,-0.6595941162109398
2025-12-26 18:00:00,2025-12-26,95.94,99.89118,3.9511819458007835,-3.9511819458007835
2025-12-26 18:15:00,2025-12-26,100.0,100.1255,0.1255035400390625,-0.1255035400390625
2025-12-26 18:30:00,2025-12-26,100.75,103.28966,2.5396575927734375,-2.5396575927734375
2025-12-26 18:45:00,2025-12-26,103.11,104.26267,1.1526724243164068,-1.1526724243164068
2025-12-26 19:00:00,2025-12-26,100.0,102.779915,2.7799148559570312,-2.7799148559570312
2025-12-26 19:15:00,2025-12-26,100.73,101.24371,0.513713378906246,-0.513713378906246
2025-12-26 19:30:00,2025-12-26,100.38,102.774025,2.394024963378911,-2.394024963378911
2025-12-26 19:45:00,2025-12-26,100.73,101.238144,0.5081439208984335,-0.5081439208984335
2025-12-26 20:00:00,2025-12-26,107.0,101.39989,5.6001129150390625,5.6001129150390625
2025-12-26 20:15:00,2025-12-26,109.5,106.976654,2.523345947265625,2.523345947265625
2025-12-26 20:30:00,2025-12-26,113.37,106.58874,6.781262512207036,6.781262512207036
2025-12-26 20:45:00,2025-12-26,116.44,110.641556,5.798444213867185,5.798444213867185
2025-12-26 21:00:00,2025-12-26,119.83,116.68938,3.140623168945311,3.140623168945311
2025-12-26 21:15:00,2025-12-26,113.37,117.0284,3.658396606445308,-3.658396606445308
2025-12-26 21:30:00,2025-12-26,104.22,110.87051,6.650506286621095,-6.650506286621095
2025-12-26 21:45:00,2025-12-26,100.56,100.21453,0.3454690551757835,0.3454690551757835
2025-12-26 22:00:00,2025-12-26,100.01,101.48585,1.4758474731445261,-1.4758474731445261
2025-12-26 22:15:00,2025-12-26,97.5,96.92463,0.5753707885742188,0.5753707885742188
2025-12-26 22:30:00,2025-12-26,100.01,95.53571,4.474286804199224,4.474286804199224
2025-12-26 22:45:00,2025-12-26,96.49,96.08638,0.4036199951171824,0.4036199951171824
2025-12-26 23:00:00,2025-12-26,94.36,98.49522,4.135216369628907,-4.135216369628907
2025-12-26 23:15:00,2025-12-26,91.22,88.66162,2.558378906249999,2.558378906249999
2025-12-26 23:30:00,2025-12-26,91.2,87.81106,3.388941955566409,3.388941955566409
2025-12-26 23:45:00,2025-12-26,88.27,86.92357,1.3464312744140585,1.3464312744140585
2025-12-27 00:00:00,2025-12-27,101.54,91.4652,10.074797668457038,10.074797668457038
2025-12-27 00:15:00,2025-12-27,96.5,99.25922,2.75921630859375,-2.75921630859375
2025-12-27 00:30:00,2025-12-27,87.63,92.66382,5.0338183593750045,-5.0338183593750045
2025-12-27 00:45:00,2025-12-27,83.69,83.75363,0.06363159179687727,-0.06363159179687727
2025-12-27 01:00:00,2025-12-27,92.02,85.335686,6.684314270019527,6.684314270019527
2025-12-27 01:15:00,2025-12-27,88.1,87.21768,0.8823181152343693,0.8823181152343693
2025-12-27 01:30:00,2025-12-27,87.58,85.580795,1.9992047119140608,1.9992047119140608
2025-12-27 01:45:00,2025-12-27,84.61,85.05958,0.4495779418945318,-0.4495779418945318
2025-12-27 02:00:00,2025-12-27,88.61,87.62382,0.9861825561523432,0.9861825561523432
2025-12-27 02:15:00,2025-12-27,82.81,86.38219,3.5721868896484352,-3.5721868896484352
2025-12-27 02:30:00,2025-12-27,75.78,79.94441,4.164412231445311,-4.164412231445311
2025-12-27 02:45:00,2025-12-27,74.9,74.47806,0.4219421386718807,0.4219421386718807
2025-12-27 03:00:00,2025-12-27,74.84,76.39525,1.555248413085934,-1.555248413085934
2025-12-27 03:15:00,2025-12-27,70.23,74.08907,3.8590731811523398,-3.8590731811523398
2025-12-27 03:30:00,2025-12-27,69.77,68.33421,1.4357867431640585,1.4357867431640585
2025-12-27 03:45:00,2025-12-27,69.01,67.43616,1.5738427734375051,1.5738427734375051
2025-12-27 04:00:00,2025-12-27,70.02,66.99048,3.029521484374996,3.029521484374996
2025-12-27 04:15:00,2025-12-27,69.4,70.03318,0.6331802368164006,-0.6331802368164006
2025-12-27 04:30:00,2025-12-27,69.14,70.01639,0.8763879394531244,-0.8763879394531244
2025-12-27 04:45:00,2025-12-27,68.88,67.84568,1.0343197631835892,1.0343197631835892
2025-12-27 05:00:00,2025-12-27,69.14,68.23138,0.9086233520507818,0.9086233520507818
2025-12-27 05:15:00,2025-12-27,68.88,67.59902,1.2809780883789017,1.2809780883789017
2025-12-27 05:30:00,2025-12-27,68.88,67.964455,0.9155453491210892,0.9155453491210892
2025-12-27 05:45:00,2025-12-27,68.88,68.432434,0.44756591796874545,0.44756591796874545
2025-12-27 06:00:00,2025-12-27,69.01,69.14397,0.13396667480468238,-0.13396667480468238
2025-12-27 06:15:00,2025-12-27,69.01,70.8223,1.8123037719726511,-1.8123037719726511
2025-12-27 06:30:00,2025-12-27,69.27,68.75004,0.5199618530273398,0.5199618530273398
2025-12-27 06:45:00,2025-12-27,69.4,69.20821,0.19178619384766193,0.19178619384766193
2025-12-27 07:00:00,2025-12-27,70.0,71.14887,1.1488723754882812,-1.1488723754882812
2025-12-27 07:15:00,2025-12-27,70.23,71.890205,1.6602053833007773,-1.6602053833007773
2025-12-27 07:30:00,2025-12-27,74.9,71.91618,2.983816528320318,2.983816528320318
2025-12-27 07:45:00,2025-12-27,74.9,77.06391,2.1639114379882756,-2.1639114379882756
2025-12-27 08:00:00,2025-12-27,84.3,77.97826,6.32174377441406,6.32174377441406
2025-12-27 08:15:00,2025-12-27,87.5,83.13955,4.360450744628906,4.360450744628906
2025-12-27 08:30:00,2025-12-27,88.1,83.90901,4.190988159179682,4.190988159179682
2025-12-27 08:45:00,2025-12-27,87.27,85.58935,1.6806521606445273,1.6806521606445273
2025-12-27 09:00:00,2025-12-27,97.41,90.615685,6.794315490722653,6.794315490722653
2025-12-27 09:15:00,2025-12-27,92.31,89.61844,2.6915612792968773,2.6915612792968773
2025-12-27 09:30:00,2025-12-27,87.84,82.732475,5.107524719238285,5.107524719238285
2025-12-27 09:45:00,2025-12-27,74.9,79.82544,4.925439453124994,-4.925439453124994
2025-12-27 10:00:00,2025-12-27,84.99,78.26723,6.722772827148432,6.722772827148432
2025-12-27 10:15:00,2025-12-27,76.99,77.5671,0.5771005249023489,-0.5771005249023489
2025-12-27 10:30:00,2025-12-27,70.23,71.422424,1.192424316406246,-1.192424316406246
2025-12-27 10:45:00,2025-12-27,69.27,63.385796,5.884204406738277,5.884204406738277
2025-12-27 11:00:00,2025-12-27,70.0,69.06744,0.9325637817382812,0.9325637817382812
2025-12-27 11:15:00,2025-12-27,69.14,64.24915,4.890846862792969,4.890846862792969
2025-12-27 11:30:00,2025-12-27,69.14,66.5775,2.562500610351563,2.562500610351563
2025-12-27 11:45:00,2025-12-27,68.75,64.132904,4.617095947265625,4.617095947265625
2025-12-27 12:00:00,2025-12-27,68.62,68.48982,0.13017761230469205,0.13017761230469205
2025-12-27 12:15:00,2025-12-27,68.75,65.49247,3.2575302124023438,3.2575302124023438
2025-12-27 12:30:00,2025-12-27,69.01,66.08037,2.9296319580078176,2.9296319580078176
2025-12-27 12:45:00,2025-12-27,69.01,65.76928,3.2407205200195364,3.2407205200195364
2025-12-27 13:00:00,2025-12-27,69.01,63.47526,5.534738311767583,5.534738311767583
2025-12-27 13:15:00,2025-12-27,69.01,65.12221,3.8877923583984426,3.8877923583984426
2025-12-27 13:30:00,2025-12-27,68.75,65.607,3.1429977416992188,3.1429977416992188
2025-12-27 13:45:00,2025-12-27,69.77,67.550255,2.2197451782226523,2.2197451782226523
2025-12-27 14:00:00,2025-12-27,68.88,69.75099,0.870991821289067,-0.870991821289067
2025-12-27 14:15:00,2025-12-27,69.27,69.25234,0.01765777587890227,0.01765777587890227
2025-12-27 14:30:00,2025-12-27,69.27,69.595146,0.32514617919922273,-0.32514617919922273
2025-12-27 14:45:00,2025-12-27,70.0,69.774574,0.22542572021484375,0.22542572021484375
2025-12-27 15:00:00,2025-12-27,69.35,69.36391,0.013906860351568184,-0.013906860351568184
2025-12-27 15:15:00,2025-12-27,69.4,71.38976,1.989762878417963,-1.989762878417963
2025-12-27 15:30:00,2025-12-27,69.77,72.10802,2.3380169677734415,-2.3380169677734415
2025-12-27 15:45:00,2025-12-27,71.45,74.06901,2.6190078735351534,-2.6190078735351534
2025-12-27 16:00:00,2025-12-27,73.91,71.47261,2.437389526367184,2.437389526367184
2025-12-27 16:15:00,2025-12-27,79.54,77.140076,2.3999243164062563,2.3999243164062563
2025-12-27 16:30:00,2025-12-27,84.97,84.15359,0.8164126586914051,0.8164126586914051
2025-12-27 16:45:00,2025-12-27,89.49,92.88832,3.3983209228515676,-3.3983209228515676
2025-12-27 17:00:00,2025-12-27,87.11,86.47693,0.6330712890624994,0.6330712890624994
2025-12-27 17:15:00,2025-12-27,88.79,94.676895,5.886895141601556,-5.886895141601556
2025-12-27 17:30:00,2025-12-27,92.74,93.53006,0.7900598144531301,-0.7900598144531301
2025-12-27 17:45:00,2025-12-27,95.99,97.09613,1.1061303710937551,-1.1061303710937551
2025-12-27 18:00:00,2025-12-27,92.78,95.62591,2.8459078979492176,-2.8459078979492176
2025-12-27 18:15:00,2025-12-27,96.0,96.387985,0.3879852294921875,-0.3879852294921875
2025-12-27 18:30:00,2025-12-27,99.0,99.58631,0.5863113403320312,-0.5863113403320312
2025-12-27 18:45:00,2025-12-27,98.5,102.0127,3.5127029418945312,-3.5127029418945312
2025-12-27 19:00:00,2025-12-27,95.0,99.561165,4.561164855957031,-4.561164855957031
2025-12-27 19:15:00,2025-12-27,98.59,95.82366,2.7663381958007847,2.7663381958007847
2025-12-27 19:30:00,2025-12-27,100.01,98.99611,1.0138909912109426,1.0138909912109426
2025-12-27 19:45:00,2025-12-27,100.0,100.513695,0.5136947631835938,-0.5136947631835938
2025-12-27 20:00:00,2025-12-27,91.96,100.87335,8.913352050781256,-8.913352050781256
2025-12-27 20:15:00,2025-12-27,92.57,91.805504,0.7644961547851494,0.7644961547851494
2025-12-27 20:30:00,2025-12-27,92.0,91.11295,0.8870468139648438,0.8870468139648438
2025-12-27 20:45:00,2025-12-27,90.53,90.838165,0.30816528320312386,-0.30816528320312386
2025-12-27 21:00:00,2025-12-27,88.04,91.935135,3.8951348876953062,-3.8951348876953062
2025-12-27 21:15:00,2025-12-27,87.5,89.35475,1.8547515869140625,-1.8547515869140625
2025-12-27 21:30:00,2025-12-27,86.5,84.77208,1.7279205322265625,1.7279205322265625
2025-12-27 21:45:00,2025-12-27,84.79,82.887,1.90299896240235,1.90299896240235
2025-12-27 22:00:00,2025-12-27,85.0,87.80285,2.8028488159179688,-2.8028488159179688
2025-12-27 22:15:00,2025-12-27,87.25,83.21701,4.032989501953125,4.032989501953125
2025-12-27 22:30:00,2025-12-27,88.1,84.29808,3.801919555664057,3.801919555664057
2025-12-27 22:45:00,2025-12-27,86.16,84.28503,1.8749734497070278,1.8749734497070278
2025-12-27 23:00:00,2025-12-27,86.46,85.35833,1.101670227050775,1.101670227050775
2025-12-27 23:15:00,2025-12-27,82.38,83.55935,1.1793490600585983,-1.1793490600585983
2025-12-27 23:30:00,2025-12-27,79.54,79.93544,0.39544006347655625,-0.39544006347655625
2025-12-27 23:45:00,2025-12-27,74.9,73.861786,1.0382141113281307,1.0382141113281307
2025-12-28 00:00:00,2025-12-28,70.0,80.83236,10.832359313964844,-10.832359313964844
2025-12-28 00:15:00,2025-12-28,65.0,69.183075,4.183074951171875,-4.183074951171875
2025-12-28 00:30:00,2025-12-28,60.01,60.867107,0.8571073913574239,-0.8571073913574239
2025-12-28 00:45:00,2025-12-28,55.0,55.72585,0.7258491516113281,-0.7258491516113281
2025-12-28 01:00:00,2025-12-28,70.0,55.8911,14.108898162841797,14.108898162841797
2025-12-28 01:15:00,2025-12-28,65.0,64.74699,0.25301361083984375,0.25301361083984375
2025-12-28 01:30:00,2025-12-28,60.01,61.928047,1.9180471801757832,-1.9180471801757832
2025-12-28 01:45:00,2025-12-28,60.0,56.56644,3.4335594177246094,3.4335594177246094
2025-12-28 02:00:00,2025-12-28,55.01,60.109318,5.099317779541018,-5.099317779541018
2025-12-28 02:15:00,2025-12-28,55.01,51.988976,3.0210244750976543,3.0210244750976543
2025-12-28 02:30:00,2025-12-28,55.0,52.242393,2.7576065063476562,2.7576065063476562
2025-12-28 02:45:00,2025-12-28,53.0,52.759296,0.24070358276367188,0.24070358276367188
2025-12-28 03:00:00,2025-12-28,50.01,53.87887,3.8688681030273457,-3.8688681030273457
2025-12-28 03:15:00,2025-12-28,49.6,48.71543,0.8845687866210952,0.8845687866210952
2025-12-28 03:30:00,2025-12-28,48.16,47.42927,0.7307283020019497,0.7307283020019497
2025-12-28 03:45:00,2025-12-28,47.65,46.25687,1.393129730224608,1.393129730224608
2025-12-28 04:00:00,2025-12-28,49.99,47.98416,2.005838623046877,2.005838623046877
2025-12-28 04:15:00,2025-12-28,50.46,49.915966,0.544033966064454,0.544033966064454
2025-12-28 04:30:00,2025-12-28,53.0,49.62531,3.3746910095214844,3.3746910095214844
2025-12-28 04:45:00,2025-12-28,54.0,52.711754,1.2882461547851562,1.2882461547851562
2025-12-28 05:00:00,2025-12-28,52.0,55.086422,3.0864219665527344,-3.0864219665527344
2025-12-28 05:15:00,2025-12-28,53.8,52.483032,1.3169677734374972,1.3169677734374972
2025-12-28 05:30:00,2025-12-28,55.0,55.824993,0.8249931335449219,-0.8249931335449219
2025-12-28 05:45:00,2025-12-28,60.0,59.00004,0.9999618530273438,0.9999618530273438
2025-12-28 06:00:00,2025-12-28,60.12,58.723583,1.3964167785644506,1.3964167785644506
2025-12-28 06:15:00,2025-12-28,65.63,63.486168,2.1438320922851517,2.1438320922851517
2025-12-28 06:30:00,2025-12-28,68.72,67.47941,1.2405917358398426,1.2405917358398426
2025-12-28 06:45:00,2025-12-28,69.01,70.11685,1.1068518066406199,-1.1068518066406199
2025-12-28 07:00:00,2025-12-28,69.14,69.63529,0.4952920532226557,-0.4952920532226557
2025-12-28 07:15:00,2025-12-28,69.69,68.41732,1.272679748535154,1.272679748535154
2025-12-28 07:30:00,2025-12-28,69.4,71.18788,1.7878814697265568,-1.7878814697265568
2025-12-28 07:45:00,2025-12-28,73.0,71.6059,1.3940963745117188,1.3940963745117188
2025-12-28 08:00:00,2025-12-28,74.7,73.67946,1.0205413818359403,1.0205413818359403
2025-12-28 08:15:00,2025-12-28,78.74,77.27362,1.4663793945312449,1.4663793945312449
2025-12-28 08:30:00,2025-12-28,81.69,77.717026,3.9729742431640602,3.9729742431640602
2025-12-28 08:45:00,2025-12-28,83.02,79.51463,3.5053668212890585,3.5053668212890585
2025-12-28 09:00:00,2025-12-28,90.0,81.82879,8.171211242675781,8.171211242675781
2025-12-28 09:15:00,2025-12-28,86.94,84.8189,2.121098937988279,2.121098937988279
2025-12-28 09:30:00,2025-12-28,81.47,83.00219,1.5321896362304699,-1.5321896362304699
2025-12-28 09:45:00,2025-12-28,73.58,76.05651,2.4765109252929705,-2.4765109252929705
2025-12-28 10:00:00,2025-12-28,84.98,73.28887,11.691128234863285,11.691128234863285
2025-12-28 10:15:00,2025-12-28,82.99,77.36694,5.623056640624995,5.623056640624995
2025-12-28 10:30:00,2025-12-28,78.74,79.95353,1.2135293579101614,-1.2135293579101614
2025-12-28 10:45:00,2025-12-28,69.69,73.421684,3.731684265136721,-3.731684265136721
2025-12-28 11:00:00,2025-12-28,70.65,70.17924,0.47076263427734943,0.47076263427734943
2025-12-28 11:15:00,2025-12-28,71.17,67.25993,3.910066528320314,3.910066528320314
2025-12-28 11:30:00,2025-12-28,75.01,69.78341,5.226590881347661,5.226590881347661
2025-12-28 11:45:00,2025-12-28,72.65,75.20196,2.551957702636713,-2.551957702636713
2025-12-28 12:00:00,2025-12-28,79.86,74.60009,5.259909973144531,5.259909973144531
2025-12-28 12:15:00,2025-12-28,78.74,76.555565,2.184435119628901,2.184435119628901
2025-12-28 12:30:00,2025-12-28,79.55,77.037056,2.512944030761716,2.512944030761716
2025-12-28 12:45:00,2025-12-28,79.09,77.48711,1.602893676757816,1.602893676757816
2025-12-28 13:00:00,2025-12-28,76.6,76.46654,0.13346252441405682,0.13346252441405682
2025-12-28 13:15:00,2025-12-28,77.72,75.746254,1.9737460327148426,1.9737460327148426
2025-12-28 13:30:00,2025-12-28,72.95,76.73715,3.787152099609372,-3.787152099609372
2025-12-28 13:45:00,2025-12-28,77.31,73.3134,3.9965997314453148,3.9965997314453148
2025-12-28 14:00:00,2025-12-28,74.67,76.01708,1.347082214355467,-1.347082214355467
2025-12-28 14:15:00,2025-12-28,78.74,75.81956,2.9204428100585886,2.9204428100585886
2025-12-28 14:30:00,2025-12-28,77.93,79.42494,1.4949420166015557,-1.4949420166015557
2025-12-28 14:45:00,2025-12-28,81.0,78.58791,2.4120864868164062,2.4120864868164062
2025-12-28 15:00:00,2025-12-28,78.74,78.98551,0.24551177978516137,-0.24551177978516137
2025-12-28 15:15:00,2025-12-28,81.69,79.82767,1.8623327636718727,1.8623327636718727
2025-12-28 15:30:00,2025-12-28,81.69,84.444725,2.754725036621096,-2.754725036621096
2025-12-28 15:45:00,2025-12-28,87.61,82.666725,4.943274841308593,4.943274841308593
2025-12-28 16:00:00,2025-12-28,81.69,84.83799,3.1479898071289085,-3.1479898071289085
2025-12-28 16:15:00,2025-12-28,90.32,83.046326,7.273674316406243,7.273674316406243
2025-12-28 16:30:00,2025-12-28,95.96,94.3691,1.59089752197265,1.59089752197265
2025-12-28 16:45:00,2025-12-28,97.78,99.00981,1.2298114013671864,-1.2298114013671864
2025-12-28 17:00:00,2025-12-28,95.93,97.07734,1.1473391723632744,-1.1473391723632744
2025-12-28 17:15:00,2025-12-28,97.94,101.419365,3.479364929199221,-3.479364929199221
2025-12-28 17:30:00,2025-12-28,98.94,101.74429,2.8042932128906273,-2.8042932128906273
2025-12-28 17:45:00,2025-12-28,101.41,103.44069,2.030689086914066,-2.030689086914066
2025-12-28 18:00:00,2025-12-28,98.46,101.7246,3.264601745605475,-3.264601745605475
2025-12-28 18:15:00,2025-12-28,100.94,100.14452,0.795476379394529,0.795476379394529
2025-12-28 18:30:00,2025-12-28,105.0,101.77379,3.2262115478515625,3.2262115478515625
2025-12-28 18:45:00,2025-12-28,107.78,107.66448,0.11551788330078239,0.11551788330078239
2025-12-28 19:00:00,2025-12-28,103.68,104.21045,0.5304492187499932,-0.5304492187499932
2025-12-28 19:15:00,2025-12-28,105.01,104.56018,0.4498193359375051,0.4498193359375051
2025-12-28 19:30:00,2025-12-28,106.38,105.587326,0.792673950195308,0.792673950195308
2025-12-28 19:45:00,2025-12-28,105.76,106.672745,0.9127447509765574,-0.9127447509765574
2025-12-28 20:00:00,2025-12-28,108.44,107.09375,1.3462499999999977,1.3462499999999977
2025-12-28 20:15:00,2025-12-28,107.0,109.11563,2.115631103515625,-2.115631103515625
2025-12-28 20:30:00,2025-12-28,103.66,107.69485,4.034847106933597,-4.034847106933597
2025-12-28 20:45:00,2025-12-28,100.94,102.45952,1.5195184326171898,-1.5195184326171898
2025-12-28 21:00:00,2025-12-28,101.08,103.227516,2.147516174316408,-2.147516174316408
2025-12-28 21:15:00,2025-12-28,100.01,100.83115,0.8211462402343699,-0.8211462402343699
2025-12-28 21:30:00,2025-12-28,99.04,96.91318,2.1268225097656313,2.1268225097656313
2025-12-28 21:45:00,2025-12-28,97.74,94.823105,2.9168951416015574,2.9168951416015574
2025-12-28 22:00:00,2025-12-28,100.01,94.81958,5.190419921875005,5.190419921875005
2025-12-28 22:15:00,2025-12-28,98.7,97.8898,0.8101989746093778,0.8101989746093778
2025-12-28 22:30:00,2025-12-28,98.22,97.48898,0.7310168457031239,0.7310168457031239
2025-12-28 22:45:00,2025-12-28,96.2,94.92749,1.2725097656250028,1.2725097656250028
2025-12-28 23:00:00,2025-12-28,97.74,97.83373,0.09373260498047387,-0.09373260498047387
2025-12-28 23:15:00,2025-12-28,93.69,92.02736,1.6626409912109352,1.6626409912109352
2025-12-28 23:30:00,2025-12-28,89.17,87.59174,1.5782565307617205,1.5782565307617205
2025-12-28 23:45:00,2025-12-28,81.91,84.61742,2.707416381835941,-2.707416381835941
2025-12-29 00:00:00,2025-12-29,103.06,91.197914,11.862085876464846,11.862085876464846
2025-12-29 00:15:00,2025-12-29,100.01,98.59343,1.4165704345703176,1.4165704345703176
2025-12-29 00:30:00,2025-12-29,98.5,95.28719,3.2128067016601562,3.2128067016601562
2025-12-29 00:45:00,2025-12-29,96.73,94.54505,2.1849484252929727,2.1849484252929727
2025-12-29 01:00:00,2025-12-29,95.37,95.78258,0.41257751464843295,-0.41257751464843295
2025-12-29 01:15:00,2025-12-29,91.23,91.88783,0.6578326416015585,-0.6578326416015585
2025-12-29 01:30:00,2025-12-29,91.23,88.0065,3.223499755859379,3.223499755859379
2025-12-29 01:45:00,2025-12-29,87.5,88.044044,0.5440444946289062,-0.5440444946289062
2025-12-29 02:00:00,2025-12-29,91.23,86.93415,4.295849304199223,4.295849304199223
2025-12-29 02:15:00,2025-12-29,91.23,89.79409,1.4359097290039102,1.4359097290039102
2025-12-29 02:30:00,2025-12-29,89.83,90.4267,0.5966967773437517,-0.5966967773437517
2025-12-29 02:45:00,2025-12-29,86.73,89.45941,2.729411621093746,-2.729411621093746
2025-12-29 03:00:00,2025-12-29,89.61,88.37808,1.2319177246093744,1.2319177246093744
2025-12-29 03:15:00,2025-12-29,87.5,89.324356,1.8243560791015625,-1.8243560791015625
2025-12-29 03:30:00,2025-12-29,87.5,88.11103,0.6110305786132812,-0.6110305786132812
2025-12-29 03:45:00,2025-12-29,87.5,87.878395,0.37839508056640625,-0.37839508056640625
2025-12-29 04:00:00,2025-12-29,87.5,87.71538,0.2153778076171875,-0.2153778076171875
2025-12-29 04:15:00,2025-12-29,90.0,88.1118,1.8881988525390625,1.8881988525390625
2025-12-29 04:30:00,2025-12-29,91.23,90.669266,0.5607342529296915,0.5607342529296915
2025-12-29 04:45:00,2025-12-29,91.23,93.00315,1.7731509399414023,-1.7731509399414023
2025-12-29 05:00:00,2025-12-29,87.5,93.90978,6.409782409667969,-6.409782409667969
2025-12-29 05:15:00,2025-12-29,91.23,89.44106,1.7889370727539102,1.7889370727539102
2025-12-29 05:30:00,2025-12-29,92.0,93.70178,1.7017822265625,-1.7017822265625
2025-12-29 05:45:00,2025-12-29,97.5,95.55343,1.9465713500976562,1.9465713500976562
2025-12-29 06:00:00,2025-12-29,97.54,99.46973,1.9297265624999937,-1.9297265624999937
2025-12-29 06:15:00,2025-12-29,100.01,100.711205,0.7012045288085886,-0.7012045288085886
2025-12-29 06:30:00,2025-12-29,102.39,101.83209,0.5579077148437506,0.5579077148437506
2025-12-29 06:45:00,2025-12-29,105.22,103.73917,1.4808337402343739,1.4808337402343739
2025-12-29 07:00:00,2025-12-29,110.48,106.830666,3.6493344116210977,3.6493344116210977
2025-12-29 07:15:00,2025-12-29,114.39,117.28557,2.895568237304687,-2.895568237304687
2025-12-29 07:30:00,2025-12-29,116.13,120.4412,4.311200256347661,-4.311200256347661
2025-12-29 07:45:00,2025-12-29,126.96,118.31237,8.647629699707025,8.647629699707025
2025-12-29 08:00:00,2025-12-29,123.03,128.68675,5.656752319335936,-5.656752319335936
2025-12-29 08:15:00,2025-12-29,126.96,118.23669,8.723313293457025,8.723313293457025
2025-12-29 08:30:00,2025-12-29,128.86,120.9741,7.885901794433607,7.885901794433607
2025-12-29 08:45:00,2025-12-29,129.81,117.91988,11.890116271972659,11.890116271972659
2025-12-29 09:00:00,2025-12-29,126.59,134.82387,8.233867797851559,-8.233867797851559
2025-12-29 09:15:00,2025-12-29,115.35,121.957,6.607000732421881,-6.607000732421881
2025-12-29 09:30:00,2025-12-29,109.29,109.88305,0.5930490112304625,-0.5930490112304625
2025-12-29 09:45:00,2025-12-29,105.01,103.09405,1.9159524536132864,1.9159524536132864
2025-12-29 10:00:00,2025-12-29,109.47,106.80589,2.6641070556640614,2.6641070556640614
2025-12-29 10:15:00,2025-12-29,105.01,102.52554,2.48445678710938,2.48445678710938
2025-12-29 10:30:00,2025-12-29,100.36,101.45889,1.0988928222656256,-1.0988928222656256
2025-12-29 10:45:00,2025-12-29,97.1,97.45463,0.35462799072266193,-0.35462799072266193
2025-12-29 11:00:00,2025-12-29,98.5,102.91591,4.4159088134765625,-4.4159088134765625
2025-12-29 11:15:00,2025-12-29,95.35,95.11097,0.23903045654296307,0.23903045654296307
2025-12-29 11:30:00,2025-12-29,91.23,91.33917,0.10917236328124602,-0.10917236328124602
2025-12-29 11:45:00,2025-12-29,88.0,89.010414,1.0104141235351562,-1.0104141235351562
2025-12-29 12:00:00,2025-12-29,91.92,86.72095,5.199052734375002,5.199052734375002
2025-12-29 12:15:00,2025-12-29,88.85,88.64674,0.20325622558593182,0.20325622558593182
2025-12-29 12:30:00,2025-12-29,89.63,89.26169,0.36831176757812045,0.36831176757812045
2025-12-29 12:45:00,2025-12-29,88.57,89.24333,0.6733319091796943,-0.6733319091796943
2025-12-29 13:00:00,2025-12-29,90.0,89.11436,0.8856430053710938,0.8856430053710938
2025-12-29 13:15:00,2025-12-29,89.14,88.94371,0.19628967285156307,0.19628967285156307
2025-12-29 13:30:00,2025-12-29,88.0,88.689644,0.6896438598632812,-0.6896438598632812
2025-12-29 13:45:00,2025-12-29,91.23,87.95377,3.2762265014648477,3.2762265014648477
2025-12-29 14:00:00,2025-12-29,90.38,90.30187,0.0781277465820267,0.0781277465820267
2025-12-29 14:15:00,2025-12-29,94.27,91.37241,2.8975863647460898,2.8975863647460898
2025-12-29 14:30:00,2025-12-29,97.2,95.64345,1.5565521240234403,1.5565521240234403
2025-12-29 14:45:00,2025-12-29,98.78,98.97915,0.1991488647460926,-0.1991488647460926
2025-12-29 15:00:00,2025-12-29,91.29,97.079666,5.789666137695306,-5.789666137695306
2025-12-29 15:15:00,2025-12-29,93.66,93.36536,0.2946435546874966,0.2946435546874966
2025-12-29 15:30:00,2025-12-29,97.12,96.76009,0.3599063110351608,0.3599063110351608
2025-12-29 15:45:00,2025-12-29,101.0,100.25299,0.74700927734375,0.74700927734375
2025-12-29 16:00:00,2025-12-29,96.73,95.418564,1.3114361572265665,1.3114361572265665
2025-12-29 16:15:00,2025-12-29,100.01,101.992714,1.9827139282226511,-1.9827139282226511
2025-12-29 16:30:00,2025-12-29,104.98,104.428314,0.551685791015629,0.551685791015629
2025-12-29 16:45:00,2025-12-29,109.68,110.011215,0.3312152099609307,-0.3312152099609307
2025-12-29 17:00:00,2025-12-29,104.5,102.63838,1.8616180419921875,1.8616180419921875
2025-12-29 17:15:00,2025-12-29,106.43,105.993546,0.4364544677734443,0.4364544677734443
2025-12-29 17:30:00,2025-12-29,114.52,110.65966,3.8603396606445273,3.8603396606445273
2025-12-29 17:45:00,2025-12-29,126.59,121.70325,4.886752929687503,4.886752929687503
2025-12-29 18:00:00,2025-12-29,116.08,119.05356,2.9735583496093767,-2.9735583496093767
2025-12-29 18:15:00,2025-12-29,126.59,126.438286,0.15171417236328466,0.15171417236328466
2025-12-29 18:30:00,2025-12-29,127.73,129.37782,1.6478228759765585,-1.6478228759765585
2025-12-29 18:45:00,2025-12-29,125.0,134.59703,9.597030639648438,-9.597030639648438
2025-12-29 19:00:00,2025-12-29,120.0,128.54369,8.543685913085938,-8.543685913085938
2025-12-29 19:15:00,2025-12-29,125.0,119.82972,5.170280456542969,5.170280456542969
2025-12-29 19:30:00,2025-12-29,125.02,124.81925,0.20074798583983977,0.20074798583983977
2025-12-29 19:45:00,2025-12-29,130.0,127.826126,2.1738739013671875,2.1738739013671875
2025-12-29 20:00:00,2025-12-29,155.0,136.34062,18.659378051757812,18.659378051757812
2025-12-29 20:15:00,2025-12-29,158.93,153.4878,5.442207031250007,5.442207031250007
2025-12-29 20:30:00,2025-12-29,159.68,158.40344,1.2765576171875068,1.2765576171875068
2025-12-29 20:45:00,2025-12-29,158.93,156.58363,2.3463665771484443,2.3463665771484443
2025-12-29 21:00:00,2025-12-29,165.5,160.4662,5.0337982177734375,5.0337982177734375
2025-12-29 21:15:00,2025-12-29,159.68,165.01717,5.337166137695306,-5.337166137695306
2025-12-29 21:30:00,2025-12-29,140.0,141.73297,1.73297119140625,-1.73297119140625
2025-12-29 21:45:00,2025-12-29,125.0,129.35788,4.357879638671875,-4.357879638671875
2025-12-29 22:00:00,2025-12-29,133.51,130.98799,2.5220086669921784,2.5220086669921784
2025-12-29 22:15:00,2025-12-29,123.37,125.02189,1.6518887329101517,-1.6518887329101517
2025-12-29 22:30:00,2025-12-29,116.08,117.50053,1.420526428222658,-1.420526428222658
2025-12-29 22:45:00,2025-12-29,110.48,112.14256,1.6625628662109335,-1.6625628662109335
2025-12-29 23:00:00,2025-12-29,105.7,110.13554,4.435536193847653,-4.435536193847653
2025-12-29 23:15:00,2025-12-29,105.22,103.68906,1.5309436035156239,1.5309436035156239
2025-12-29 23:30:00,2025-12-29,105.01,102.40467,2.605329284667974,2.605329284667974
2025-12-29 23:45:00,2025-12-29,102.99,99.91335,3.076647033691401,3.076647033691401
2025-12-30 00:00:00,2025-12-30,107.74,102.49375,5.246248474121089,5.246248474121089
2025-12-30 00:15:00,2025-12-30,105.44,105.902565,0.4625650024414085,-0.4625650024414085
2025-12-30 00:30:00,2025-12-30,103.78,104.43353,0.6535327148437489,-0.6535327148437489
2025-12-30 00:45:00,2025-12-30,102.2,101.440796,0.7592041015625028,0.7592041015625028
2025-12-30 01:00:00,2025-12-30,103.55,101.353546,2.196453857421872,2.196453857421872
2025-12-30 01:15:00,2025-12-30,100.32,101.41904,1.0990368652343818,-1.0990368652343818
2025-12-30 01:30:00,2025-12-30,97.5,98.64677,1.1467666625976562,-1.1467666625976562
2025-12-30 01:45:00,2025-12-30,89.32,95.60098,6.280982666015632,-6.280982666015632
2025-12-30 02:00:00,2025-12-30,92.37,87.36065,5.009350891113286,5.009350891113286
2025-12-30 02:15:00,2025-12-30,88.35,90.7882,2.4382003784179744,-2.4382003784179744
2025-12-30 02:30:00,2025-12-30,86.61,87.49454,0.8845373535156256,-0.8845373535156256
2025-12-30 02:45:00,2025-12-30,82.02,86.6959,4.67589996337891,-4.67589996337891
2025-12-30 03:00:00,2025-12-30,88.35,84.3092,4.040803527832026,4.040803527832026
2025-12-30 03:15:00,2025-12-30,86.61,87.830284,1.2202841186523443,-1.2202841186523443
2025-12-30 03:30:00,2025-12-30,84.6,87.44238,2.8423828125000057,-2.8423828125000057
2025-12-30 03:45:00,2025-12-30,82.36,84.93886,2.578858032226563,-2.578858032226563
2025-12-30 04:00:00,2025-12-30,83.56,86.30621,2.7462133789062477,-2.7462133789062477
2025-12-30 04:15:00,2025-12-30,82.0,83.814995,1.8149948120117188,-1.8149948120117188
2025-12-30 04:30:00,2025-12-30,81.4,84.32352,2.9235168457031193,-2.9235168457031193
2025-12-30 04:45:00,2025-12-30,81.4,83.578674,2.1786743164062443,-2.1786743164062443
2025-12-30 05:00:00,2025-12-30,81.4,83.986115,2.5861145019531193,-2.5861145019531193
2025-12-30 05:15:00,2025-12-30,81.4,82.93845,1.5384536743164006,-1.5384536743164006
2025-12-30 05:30:00,2025-12-30,82.02,84.24105,2.2210507202148477,-2.2210507202148477
2025-12-30 05:45:00,2025-12-30,84.6,84.85595,0.25594940185547443,-0.25594940185547443
2025-12-30 06:00:00,2025-12-30,80.62,84.681465,4.061465148925777,-4.061465148925777
2025-12-30 06:15:00,2025-12-30,80.92,84.67574,3.755743103027342,-3.755743103027342
2025-12-30 06:30:00,2025-12-30,85.99,84.73532,1.2546789550781199,1.2546789550781199
2025-12-30 06:45:00,2025-12-30,89.26,89.82876,0.5687582397460886,-0.5687582397460886
2025-12-30 07:00:00,2025-12-30,82.0,87.682175,5.6821746826171875,-5.6821746826171875
2025-12-30 07:15:00,2025-12-30,87.89,86.20381,1.686188354492188,1.686188354492188
2025-12-30 07:30:00,2025-12-30,93.24,86.88866,6.351343383789057,6.351343383789057
2025-12-30 07:45:00,2025-12-30,97.29,94.373634,2.9163656616211,2.9163656616211
2025-12-30 08:00:00,2025-12-30,97.5,98.00901,0.5090103149414062,-0.5090103149414062
2025-12-30 08:15:00,2025-12-30,100.31,94.81545,5.4945474243164085,5.4945474243164085
2025-12-30 08:30:00,2025-12-30,100.31,95.612206,4.6977944946289085,4.6977944946289085
2025-12-30 08:45:00,2025-12-30,100.31,94.61028,5.6997171020507835,5.6997171020507835
2025-12-30 09:00:00,2025-12-30,104.6,101.83047,2.7695327758789006,2.7695327758789006
2025-12-30 09:15:00,2025-12-30,100.34,96.02412,4.315883483886722,4.315883483886722
2025-12-30 09:30:00,2025-12-30,93.55,92.258064,1.291935729980466,1.291935729980466
2025-12-30 09:45:00,2025-12-30,81.4,84.00024,2.600236511230463,-2.600236511230463
2025-12-30 10:00:00,2025-12-30,96.73,83.03421,13.695789794921879,13.695789794921879
2025-12-30 10:15:00,2025-12-30,86.34,86.88873,0.5487329101562466,-0.5487329101562466
2025-12-30 10:30:00,2025-12-30,81.14,84.09272,2.9527200317382807,-2.9527200317382807
2025-12-30 10:45:00,2025-12-30,79.47,77.7288,1.7412020874023426,1.7412020874023426
2025-12-30 11:00:00,2025-12-30,81.4,79.84396,1.5560363769531307,1.5560363769531307
2025-12-30 11:15:00,2025-12-30,80.23,80.80262,0.5726199340820273,-0.5726199340820273
2025-12-30 11:30:00,2025-12-30,79.0,78.365204,0.634796142578125,0.634796142578125
2025-12-30 11:45:00,2025-12-30,76.89,75.96624,0.9237600708007818,0.9237600708007818
2025-12-30 12:00:00,2025-12-30,78.97,78.8621,0.10790130615234261,0.10790130615234261
2025-12-30 12:15:00,2025-12-30,76.99,76.47778,0.5122167968749949,0.5122167968749949
2025-12-30 12:30:00,2025-12-30,76.11,75.516846,0.5931542968749994,0.5931542968749994
2025-12-30 12:45:00,2025-12-30,72.55,75.79499,3.244990539550784,-3.244990539550784
2025-12-30 13:00:00,2025-12-30,72.83,71.544495,1.2855053710937483,1.2855053710937483
2025-12-30 13:15:00,2025-12-30,74.76,69.8192,4.940801391601568,4.940801391601568
2025-12-30 13:30:00,2025-12-30,72.18,72.94003,0.7600329589843682,-0.7600329589843682
2025-12-30 13:45:00,2025-12-30,72.4,72.43261,0.032609558105463066,-0.032609558105463066
2025-12-30 14:00:00,2025-12-30,70.08,72.092995,2.012994689941408,-2.012994689941408
2025-12-30 14:15:00,2025-12-30,71.53,70.65632,0.8736813354492199,0.8736813354492199
2025-12-30 14:30:00,2025-12-30,73.63,72.63658,0.993418579101558,0.993418579101558
2025-12-30 14:45:00,2025-12-30,76.86,74.01399,2.846007690429687,2.846007690429687
2025-12-30 15:00:00,2025-12-30,66.73,77.094,10.364001770019527,-10.364001770019527
2025-12-30 15:15:00,2025-12-30,76.28,74.65004,1.6299603271484386,1.6299603271484386
2025-12-30 15:30:00,2025-12-30,79.77,79.99298,0.22298095703125398,-0.22298095703125398
2025-12-30 15:45:00,2025-12-30,80.62,83.57513,2.955126647949214,-2.955126647949214
2025-12-30 16:00:00,2025-12-30,80.4,76.344376,4.055624389648443,4.055624389648443
2025-12-30 16:15:00,2025-12-30,82.36,83.31664,0.9566427612304693,-0.9566427612304693
2025-12-30 16:30:00,2025-12-30,88.34,84.96123,3.378772583007816,3.378772583007816
2025-12-30 16:45:00,2025-12-30,97.5,96.0003,1.4997024536132812,1.4997024536132812
2025-12-30 17:00:00,2025-12-30,89.83,95.09078,5.2607821655273455,-5.2607821655273455
2025-12-30 17:15:00,2025-12-30,97.5,98.012276,0.5122756958007812,-0.5122756958007812
2025-12-30 17:30:00,2025-12-30,103.55,105.94572,2.395716857910159,-2.395716857910159
2025-12-30 17:45:00,2025-12-30,107.5,106.49534,1.0046615600585938,1.0046615600585938
2025-12-30 18:00:00,2025-12-30,102.2,102.739746,0.5397460937499972,-0.5397460937499972
2025-12-30 18:15:00,2025-12-30,105.0,104.91999,0.08000946044921875,0.08000946044921875
2025-12-30 18:30:00,2025-12-30,106.01,107.99631,1.9863073730468699,-1.9863073730468699
2025-12-30 18:45:00,2025-12-30,106.38,109.34236,2.962361450195317,-2.962361450195317
2025-12-30 19:00:00,2025-12-30,106.83,107.465256,0.6352557373046892,-0.6352557373046892
2025-12-30 19:15:00,2025-12-30,106.0,108.53118,2.5311813354492188,-2.5311813354492188
2025-12-30 19:30:00,2025-12-30,105.23,106.75129,1.5212893676757773,-1.5212893676757773
2025-12-30 19:45:00,2025-12-30,105.0,105.6251,0.6250991821289062,-0.6250991821289062
2025-12-30 20:00:00,2025-12-30,105.01,102.18948,2.82051635742188,2.82051635742188
2025-12-30 20:15:00,2025-12-30,105.36,102.79708,2.5629190063476557,2.5629190063476557
2025-12-30 20:30:00,2025-12-30,105.36,103.35064,2.0093606567382807,2.0093606567382807
2025-12-30 20:45:00,2025-12-30,105.36,101.52561,3.834388122558593,3.834388122558593
2025-12-30 21:00:00,2025-12-30,107.98,108.99109,1.011088867187496,-1.011088867187496
2025-12-30 21:15:00,2025-12-30,107.74,106.17893,1.5610678100585886,1.5610678100585886
2025-12-30 21:30:00,2025-12-30,105.36,104.106926,1.2530740356445307,1.2530740356445307
2025-12-30 21:45:00,2025-12-30,105.0,101.79228,3.2077178955078125,3.2077178955078125
2025-12-30 22:00:00,2025-12-30,107.5,105.13796,2.3620376586914062,2.3620376586914062
2025-12-30 22:15:00,2025-12-30,105.5,102.9989,2.5010986328125,2.5010986328125
2025-12-30 22:30:00,2025-12-30,103.78,102.10785,1.6721508789062511,1.6721508789062511
2025-12-30 22:45:00,2025-12-30,102.2,99.488014,2.7119857788085966,2.7119857788085966
2025-12-30 23:00:00,2025-12-30,106.94,103.45284,3.487157287597654,3.487157287597654
2025-12-30 23:15:00,2025-12-30,105.0,105.11064,0.1106414794921875,-0.1106414794921875
2025-12-30 23:30:00,2025-12-30,102.58,102.104164,0.47583587646484204,0.47583587646484204
2025-12-30 23:45:00,2025-12-30,100.31,99.40667,0.9033303833007835,0.9033303833007835
